lambda2,Min_Total_Loss
0.1,0.0029961440803591664
0.3,0.0026066362951065653
0.6,0.003763066946865271
1.0,0.003211287860407924
2.0,0.0030191407161967577
