lambda1,Min_Total_Loss
0.1,0.0002473150391288759
0.5,0.0004126882498342164
1.0,0.0010101756339734068
2.0,0.0012246126411605144
5.0,0.002843586728998981
