lambda3,Min_Total_Loss
0.001,0.0029266934276220486
0.005,0.0026943811382868256
0.01,0.003713150594389519
0.03,0.002497721289856785
0.05,0.004740697100938279
