lambda1,Min_Total_Loss
0.1,0.0002897760483048676
0.5,0.0004292177321299045
1.0,0.0004882845471741852
2.0,0.0005874841040863633
5.0,0.0008741762708487444
