lambda3,Min_Total_Loss
0.001,0.000820307935515651
0.005,0.0008200918011757698
0.01,0.00083316421979644
0.03,0.0008419015311521949
0.05,0.0009055516828363483
