lambda2,Min_Total_Loss
0.1,0.0007990779814880636
0.3,0.0008507500845502793
0.6,0.0008349494072883766
1.0,0.0009054529639014137
2.0,0.0008769240412523911
