l2_lambda,Min_Epoch_Loss
1e-06,0.00011016761912769118
1e-05,0.00047022369450560827
0.0001,0.0021200636316173
0.001,0.017495652414200938
