u_hidden_dim,Min_Epoch_Loss
30.0,0.010834983659579474
60.0,0.015958688482094335
90.0,0.015574085669975509
120.0,0.022482814554892042
