u_layers_num,Min_Epoch_Loss
2.0,0.012083890731446445
3.0,0.018814256798256847
4.0,0.02806080484708004
5.0,0.03920950658400269
