l2_lambda,Min_Epoch_Loss
1e-06,0.0008609478857525734
1e-05,0.000976049089598853
0.0001,0.001521594647783786
0.001,0.004683140401646276
