u_hidden_dim,Min_Epoch_Loss
30.0,0.00459365253268248
60.0,0.004476466219570926
90.0,0.0045665736748453445
120.0,0.0046331944827483415
