u_layers_num,Min_Epoch_Loss
2.0,0.0036841485536355965
3.0,0.004590493373518043
4.0,0.005725962531013305
5.0,0.0065151528859346665
